fetched_at_sgt,ride,status,wait_time,last_updated
2026-07-16T17:25:28+08:00,HUMAN,OPERATING,50,2026-07-16T09:18:00.442Z
2026-07-16T17:25:28+08:00,CYLON,OPERATING,60,2026-07-16T08:42:29.622Z
2026-07-16T18:23:58+08:00,HUMAN,OPERATING,80,2026-07-16T10:11:03.334Z
2026-07-16T18:23:58+08:00,CYLON,OPERATING,50,2026-07-16T10:15:13.056Z
2026-07-16T19:23:54+08:00,HUMAN,OPERATING,40,2026-07-16T11:09:20.403Z
2026-07-16T19:23:54+08:00,CYLON,OPERATING,30,2026-07-16T10:50:13.039Z
2026-07-17T10:24:03+08:00,HUMAN,OPERATING,40,2026-07-17T02:19:01.237Z
2026-07-17T10:24:03+08:00,CYLON,OPERATING,30,2026-07-17T02:16:51.199Z
2026-07-17T11:23:57+08:00,HUMAN,OPERATING,90,2026-07-17T02:37:28.155Z
2026-07-17T11:23:57+08:00,CYLON,OPERATING,70,2026-07-17T02:40:32.297Z
2026-07-17T12:23:33+08:00,HUMAN,OPERATING,40,2026-07-17T04:19:01.637Z
2026-07-17T12:23:33+08:00,CYLON,OPERATING,50,2026-07-17T04:19:01.619Z
2026-07-17T13:23:50+08:00,HUMAN,OPERATING,0,2026-07-17T05:06:50.875Z
2026-07-17T13:23:50+08:00,CYLON,OPERATING,0,2026-07-17T05:08:41.114Z
2026-07-17T14:24:09+08:00,HUMAN,OPERATING,0,2026-07-17T06:06:06.011Z
2026-07-17T14:24:09+08:00,CYLON,OPERATING,0,2026-07-17T06:07:38.307Z
2026-07-17T15:24:03+08:00,HUMAN,OPERATING,50,2026-07-17T07:20:58.519Z
2026-07-17T15:24:03+08:00,CYLON,OPERATING,50,2026-07-17T07:20:58.506Z
2026-07-17T16:23:52+08:00,HUMAN,OPERATING,110,2026-07-17T08:22:33.256Z
2026-07-17T16:23:52+08:00,CYLON,OPERATING,90,2026-07-17T08:03:41.733Z
2026-07-17T17:24:13+08:00,HUMAN,OPERATING,60,2026-07-17T09:22:56.911Z
2026-07-17T17:24:13+08:00,CYLON,OPERATING,100,2026-07-17T08:27:42.084Z
2026-07-17T18:23:36+08:00,HUMAN,OPERATING,90,2026-07-17T10:16:55.013Z
2026-07-17T18:23:36+08:00,CYLON,OPERATING,90,2026-07-17T09:41:12.699Z
2026-07-17T19:24:08+08:00,HUMAN,OPERATING,0,2026-07-17T11:01:30.657Z
2026-07-17T19:24:08+08:00,CYLON,OPERATING,0,2026-07-17T11:01:30.648Z
2026-07-18T10:24:03+08:00,HUMAN,OPERATING,30,2026-07-18T02:17:05.025Z
2026-07-18T10:24:03+08:00,CYLON,OPERATING,30,2026-07-18T02:17:05.011Z
2026-07-18T11:23:57+08:00,HUMAN,OPERATING,80,2026-07-18T02:43:37.155Z
2026-07-18T11:23:57+08:00,CYLON,OPERATING,60,2026-07-18T03:15:21.411Z
2026-07-18T12:24:03+08:00,HUMAN,OPERATING,90,2026-07-18T03:55:59.333Z
2026-07-18T12:24:03+08:00,CYLON,OPERATING,90,2026-07-18T04:08:24.276Z
2026-07-18T13:23:59+08:00,HUMAN,OPERATING,70,2026-07-18T05:13:19.308Z
2026-07-18T13:23:59+08:00,CYLON,OPERATING,80,2026-07-18T04:54:18.382Z
2026-07-18T14:24:10+08:00,HUMAN,OPERATING,90,2026-07-18T06:04:16.975Z
2026-07-18T14:24:10+08:00,CYLON,OPERATING,70,2026-07-18T05:35:04.484Z
2026-07-18T15:24:08+08:00,HUMAN,OPERATING,90,2026-07-18T06:04:16.975Z
2026-07-18T15:24:08+08:00,CYLON,OPERATING,100,2026-07-18T07:08:31.921Z
2026-07-18T16:24:17+08:00,HUMAN,OPERATING,90,2026-07-18T07:59:45.711Z
2026-07-18T16:24:17+08:00,CYLON,OPERATING,80,2026-07-18T08:14:10.814Z
2026-07-18T17:23:58+08:00,HUMAN,OPERATING,0,2026-07-18T09:18:36.582Z
2026-07-18T17:23:58+08:00,CYLON,OPERATING,0,2026-07-18T08:24:13.377Z
2026-07-18T19:24:13+08:00,HUMAN,OPERATING,0,2026-07-18T09:18:36.582Z
2026-07-18T19:24:13+08:00,CYLON,OPERATING,0,2026-07-18T08:24:13.377Z
2026-07-19T10:24:05+08:00,HUMAN,OPERATING,40,2026-07-19T02:18:15.805Z
2026-07-19T10:24:05+08:00,CYLON,OPERATING,30,2026-07-19T02:18:15.797Z
2026-07-19T11:23:58+08:00,HUMAN,OPERATING,90,2026-07-19T03:06:26.902Z
2026-07-19T11:23:58+08:00,CYLON,OPERATING,60,2026-07-19T03:06:26.895Z
2026-07-19T12:24:01+08:00,HUMAN,OPERATING,70,2026-07-19T04:07:56.882Z
2026-07-19T12:24:01+08:00,CYLON,OPERATING,60,2026-07-19T03:06:26.895Z
2026-07-19T13:23:58+08:00,HUMAN,OPERATING,70,2026-07-19T05:16:16.711Z
2026-07-19T13:23:58+08:00,CYLON,OPERATING,60,2026-07-19T03:06:26.895Z
2026-07-19T14:24:07+08:00,HUMAN,OPERATING,70,2026-07-19T05:16:16.711Z
2026-07-19T14:24:07+08:00,CYLON,OPERATING,60,2026-07-19T03:06:26.895Z
2026-07-19T15:23:26+08:00,HUMAN,OPERATING,40,2026-07-19T06:47:35.983Z
2026-07-19T15:23:26+08:00,CYLON,OPERATING,80,2026-07-19T07:17:26.068Z
2026-07-19T16:24:40+08:00,HUMAN,OPERATING,70,2026-07-19T07:58:30.718Z
2026-07-19T16:24:40+08:00,CYLON,OPERATING,60,2026-07-19T07:49:18.084Z
2026-07-19T17:24:08+08:00,HUMAN,OPERATING,80,2026-07-19T09:08:17.487Z
2026-07-19T17:24:08+08:00,CYLON,OPERATING,80,2026-07-19T08:39:37.599Z
2026-07-19T18:24:01+08:00,HUMAN,OPERATING,50,2026-07-19T10:05:22.171Z
2026-07-19T18:24:01+08:00,CYLON,OPERATING,70,2026-07-19T10:08:31.489Z
2026-07-19T19:23:43+08:00,HUMAN,OPERATING,0,2026-07-19T11:08:50.751Z
2026-07-19T19:23:43+08:00,CYLON,OPERATING,0,2026-07-19T11:05:55.403Z
2026-07-20T10:23:56+08:00,HUMAN,OPERATING,40,2026-07-20T02:18:24.285Z
2026-07-20T10:23:56+08:00,CYLON,OPERATING,40,2026-07-20T02:10:41.865Z
2026-07-20T11:23:55+08:00,HUMAN,OPERATING,80,2026-07-20T02:35:28.501Z
2026-07-20T11:23:55+08:00,CYLON,OPERATING,90,2026-07-20T03:18:52.678Z
2026-07-20T12:23:50+08:00,HUMAN,OPERATING,80,2026-07-20T02:35:28.501Z
2026-07-20T12:23:50+08:00,CYLON,OPERATING,90,2026-07-20T03:18:52.678Z
2026-07-20T13:24:09+08:00,HUMAN,OPERATING,120,2026-07-20T05:06:58.521Z
2026-07-20T13:24:09+08:00,CYLON,OPERATING,110,2026-07-20T04:24:12.011Z
2026-07-20T14:23:49+08:00,HUMAN,OPERATING,90,2026-07-20T05:51:30.035Z
2026-07-20T14:23:49+08:00,CYLON,OPERATING,100,2026-07-20T05:42:48.066Z
2026-07-20T15:24:10+08:00,HUMAN,OPERATING,0,2026-07-20T07:19:56.592Z
2026-07-20T15:24:10+08:00,CYLON,OPERATING,70,2026-07-20T06:52:12.513Z
2026-07-20T16:24:11+08:00,HUMAN,OPERATING,45,2026-07-20T08:09:34.090Z
2026-07-20T16:24:11+08:00,CYLON,OPERATING,60,2026-07-20T08:01:30.605Z
2026-07-20T17:24:15+08:00,HUMAN,OPERATING,80,2026-07-20T08:43:07.341Z
2026-07-20T17:24:15+08:00,CYLON,OPERATING,70,2026-07-20T08:45:53.726Z
2026-07-20T18:24:21+08:00,HUMAN,OPERATING,90,2026-07-20T09:44:58.637Z
2026-07-20T18:24:21+08:00,CYLON,OPERATING,80,2026-07-20T09:44:58.629Z
2026-07-20T19:24:08+08:00,HUMAN,OPERATING,70,2026-07-20T11:15:08.580Z
2026-07-20T19:24:08+08:00,CYLON,OPERATING,80,2026-07-20T09:44:58.629Z
2026-07-21T10:24:12+08:00,HUMAN,OPERATING,40,2026-07-21T02:18:17.791Z
2026-07-21T10:24:12+08:00,CYLON,OPERATING,40,2026-07-21T02:21:58.907Z
2026-07-21T11:23:43+08:00,HUMAN,OPERATING,90,2026-07-21T03:05:54.158Z
2026-07-21T11:23:43+08:00,CYLON,OPERATING,70,2026-07-21T03:09:00.640Z
2026-07-21T12:23:40+08:00,HUMAN,OPERATING,70,2026-07-21T04:06:14.854Z
2026-07-21T12:23:40+08:00,CYLON,OPERATING,70,2026-07-21T03:09:00.640Z
2026-07-21T13:24:01+08:00,HUMAN,OPERATING,110,2026-07-21T04:33:16.279Z
2026-07-21T13:24:01+08:00,CYLON,OPERATING,90,2026-07-21T05:16:02.679Z
2026-07-21T14:24:01+08:00,HUMAN,OPERATING,60,2026-07-21T06:01:40.811Z
2026-07-21T14:24:01+08:00,CYLON,OPERATING,90,2026-07-21T05:16:02.679Z
2026-07-21T15:24:11+08:00,HUMAN,OPERATING,70,2026-07-21T06:42:56.854Z
2026-07-21T15:24:11+08:00,CYLON,OPERATING,50,2026-07-21T07:03:34.642Z
2026-07-21T16:24:11+08:00,HUMAN,OPERATING,60,2026-07-21T08:19:36.200Z
2026-07-21T16:24:11+08:00,CYLON,OPERATING,50,2026-07-21T08:01:17.205Z
2026-07-21T17:23:48+08:00,HUMAN,OPERATING,70,2026-07-21T09:05:11.543Z
2026-07-21T17:23:48+08:00,CYLON,OPERATING,50,2026-07-21T08:01:17.205Z
2026-07-21T18:24:19+08:00,HUMAN,OPERATING,0,2026-07-21T10:13:57.803Z
2026-07-21T18:24:19+08:00,CYLON,OPERATING,0,2026-07-21T10:17:13.639Z
2026-07-21T19:23:51+08:00,HUMAN,OPERATING,30,2026-07-21T10:58:33.181Z
2026-07-21T19:23:51+08:00,CYLON,OPERATING,40,2026-07-21T10:58:33.171Z
2026-07-22T10:23:50+08:00,HUMAN,OPERATING,0,2026-07-22T02:00:16.319Z
2026-07-22T10:23:50+08:00,CYLON,OPERATING,30,2026-07-22T02:20:56.522Z
2026-07-22T11:23:44+08:00,HUMAN,OPERATING,80,2026-07-22T03:12:59.371Z
2026-07-22T11:23:44+08:00,CYLON,OPERATING,70,2026-07-22T03:09:49.750Z
2026-07-22T12:24:09+08:00,HUMAN,OPERATING,0,2026-07-22T03:34:15.238Z
2026-07-22T12:24:09+08:00,CYLON,OPERATING,0,2026-07-22T03:34:15.226Z
2026-07-22T13:23:51+08:00,HUMAN,OPERATING,0,2026-07-22T03:34:15.238Z
2026-07-22T13:23:51+08:00,CYLON,OPERATING,0,2026-07-22T03:34:15.226Z
2026-07-22T14:24:27+08:00,HUMAN,OPERATING,80,2026-07-22T06:18:54.487Z
2026-07-22T14:24:27+08:00,CYLON,OPERATING,80,2026-07-22T06:12:36.614Z
2026-07-22T15:24:03+08:00,HUMAN,OPERATING,100,2026-07-22T06:47:43.103Z
2026-07-22T15:24:03+08:00,CYLON,OPERATING,70,2026-07-22T07:15:49.730Z
2026-07-22T16:24:20+08:00,HUMAN,OPERATING,90,2026-07-22T07:24:58.681Z
2026-07-22T16:24:20+08:00,CYLON,OPERATING,70,2026-07-22T07:15:49.730Z
2026-07-22T17:24:13+08:00,HUMAN,OPERATING,70,2026-07-22T08:45:23.404Z
2026-07-22T17:24:13+08:00,CYLON,OPERATING,60,2026-07-22T08:51:44.532Z
2026-07-22T18:23:54+08:00,HUMAN,OPERATING,40,2026-07-22T09:58:34.456Z
2026-07-22T18:23:54+08:00,CYLON,OPERATING,60,2026-07-22T08:51:44.532Z
2026-07-22T19:23:38+08:00,HUMAN,OPERATING,0,2026-07-22T11:01:33.706Z
2026-07-22T19:23:38+08:00,CYLON,OPERATING,50,2026-07-22T11:01:33.696Z
2026-07-23T10:23:56+08:00,HUMAN,OPERATING,30,2026-07-23T02:05:08.811Z
2026-07-23T10:23:56+08:00,CYLON,OPERATING,40,2026-07-23T02:09:18.569Z
2026-07-23T11:24:20+08:00,HUMAN,OPERATING,80,2026-07-23T03:07:57.082Z
2026-07-23T11:24:20+08:00,CYLON,OPERATING,60,2026-07-23T03:18:32.318Z
2026-07-23T12:23:43+08:00,HUMAN,OPERATING,70,2026-07-23T03:59:22.829Z
2026-07-23T12:23:43+08:00,CYLON,OPERATING,80,2026-07-23T04:00:22.801Z
2026-07-23T13:24:37+08:00,HUMAN,OPERATING,90,2026-07-23T04:46:06.085Z
2026-07-23T13:24:37+08:00,CYLON,OPERATING,90,2026-07-23T05:12:44.369Z
2026-07-23T14:24:05+08:00,HUMAN,OPERATING,90,2026-07-23T04:46:06.085Z
2026-07-23T14:24:05+08:00,CYLON,OPERATING,70,2026-07-23T06:04:52.568Z
2026-07-23T15:25:11+08:00,HUMAN,OPERATING,90,2026-07-23T07:13:35.930Z
2026-07-23T15:25:11+08:00,CYLON,OPERATING,60,2026-07-23T07:24:53.961Z
2026-07-23T16:24:51+08:00,HUMAN,OPERATING,80,2026-07-23T07:43:51.575Z
2026-07-23T16:24:51+08:00,CYLON,OPERATING,70,2026-07-23T07:40:37.952Z
2026-07-23T17:23:44+08:00,HUMAN,OPERATING,80,2026-07-23T09:19:14.513Z
2026-07-23T17:23:44+08:00,CYLON,OPERATING,70,2026-07-23T07:40:37.952Z
2026-07-23T18:24:18+08:00,HUMAN,OPERATING,80,2026-07-23T09:19:14.513Z
2026-07-23T18:24:18+08:00,CYLON,OPERATING,80,2026-07-23T10:01:35.061Z
2026-07-23T19:24:13+08:00,HUMAN,OPERATING,60,2026-07-23T11:17:02.317Z
2026-07-23T19:24:13+08:00,CYLON,OPERATING,60,2026-07-23T11:17:38.060Z
2026-07-24T10:24:16+08:00,HUMAN,OPERATING,40,2026-07-24T02:17:15.919Z
2026-07-24T10:24:16+08:00,CYLON,OPERATING,40,2026-07-24T02:14:04.686Z
2026-07-24T11:24:14+08:00,HUMAN,OPERATING,90,2026-07-24T02:36:54.691Z
2026-07-24T11:24:14+08:00,CYLON,OPERATING,70,2026-07-24T03:17:06.036Z
2026-07-24T12:23:45+08:00,HUMAN,OPERATING,90,2026-07-24T03:58:15.554Z
2026-07-24T12:23:45+08:00,CYLON,OPERATING,120,2026-07-24T04:19:43.478Z
2026-07-24T13:24:08+08:00,HUMAN,OPERATING,110,2026-07-24T04:44:03.654Z
2026-07-24T13:24:08+08:00,CYLON,OPERATING,80,2026-07-24T05:10:41.371Z
2026-07-24T14:24:30+08:00,HUMAN,OPERATING,90,2026-07-24T06:22:54.861Z
2026-07-24T14:24:30+08:00,CYLON,OPERATING,80,2026-07-24T05:10:41.371Z
2026-07-24T15:24:11+08:00,HUMAN,OPERATING,110,2026-07-24T06:37:29.753Z
2026-07-24T15:24:11+08:00,CYLON,OPERATING,90,2026-07-24T06:37:09.283Z
2026-07-24T16:23:56+08:00,HUMAN,OPERATING,90,2026-07-24T07:34:25.726Z
2026-07-24T16:23:56+08:00,CYLON,OPERATING,100,2026-07-24T07:33:01.371Z
2026-07-24T17:24:38+08:00,HUMAN,OPERATING,80,2026-07-24T08:24:53.968Z
2026-07-24T17:24:38+08:00,CYLON,OPERATING,90,2026-07-24T08:45:39.408Z
2026-07-24T18:24:19+08:00,HUMAN,OPERATING,0,2026-07-24T10:01:58.617Z
2026-07-24T18:24:19+08:00,CYLON,OPERATING,0,2026-07-24T09:57:24.464Z
2026-07-24T19:24:28+08:00,HUMAN,OPERATING,0,2026-07-24T10:01:58.617Z
2026-07-24T19:24:28+08:00,CYLON,OPERATING,0,2026-07-24T11:10:21.625Z
2026-07-25T10:23:47+08:00,HUMAN,OPERATING,0,2026-07-25T02:00:36.080Z
2026-07-25T10:23:47+08:00,CYLON,OPERATING,0,2026-07-25T02:00:36.073Z
2026-07-25T11:24:05+08:00,HUMAN,OPERATING,90,2026-07-25T03:15:16.465Z
2026-07-25T11:24:05+08:00,CYLON,OPERATING,100,2026-07-25T03:18:16.331Z
2026-07-25T12:24:15+08:00,HUMAN,OPERATING,110,2026-07-25T03:39:19.012Z
2026-07-25T12:24:15+08:00,CYLON,OPERATING,110,2026-07-25T03:54:31.422Z
2026-07-25T13:24:08+08:00,HUMAN,OPERATING,90,2026-07-25T05:03:13.664Z
2026-07-25T13:24:08+08:00,CYLON,OPERATING,110,2026-07-25T03:54:31.422Z
2026-07-25T14:23:50+08:00,HUMAN,OPERATING,80,2026-07-25T05:46:19.209Z
2026-07-25T14:23:50+08:00,CYLON,OPERATING,60,2026-07-25T05:40:25.575Z
2026-07-25T15:24:01+08:00,HUMAN,OPERATING,60,2026-07-25T07:04:03.859Z
2026-07-25T15:24:01+08:00,CYLON,OPERATING,110,2026-07-25T06:34:42.572Z
2026-07-25T16:23:43+08:00,HUMAN,OPERATING,110,2026-07-25T08:22:59.369Z
2026-07-25T16:23:43+08:00,CYLON,OPERATING,0,2026-07-25T07:47:06.919Z
2026-07-25T17:24:10+08:00,HUMAN,OPERATING,90,2026-07-25T09:04:58.724Z
2026-07-25T17:24:10+08:00,CYLON,OPERATING,50,2026-07-25T09:01:48.793Z
2026-07-25T18:23:53+08:00,HUMAN,OPERATING,60,2026-07-25T09:42:49.663Z
2026-07-25T18:23:53+08:00,CYLON,OPERATING,70,2026-07-25T09:37:12.325Z
2026-07-25T19:24:16+08:00,HUMAN,CLOSED,,2026-07-25T11:00:07.626Z
2026-07-25T19:24:16+08:00,CYLON,CLOSED,,2026-07-25T11:00:07.551Z
2026-07-26T10:24:11+08:00,HUMAN,OPERATING,70,2026-07-26T02:23:11.497Z
2026-07-26T10:24:11+08:00,CYLON,OPERATING,30,2026-07-26T02:15:37.586Z
2026-07-26T11:23:50+08:00,HUMAN,OPERATING,90,2026-07-26T02:49:16.343Z
2026-07-26T11:23:50+08:00,CYLON,OPERATING,50,2026-07-26T03:14:25.005Z
2026-07-26T12:24:02+08:00,HUMAN,OPERATING,90,2026-07-26T02:49:16.343Z
2026-07-26T12:24:02+08:00,CYLON,OPERATING,40,2026-07-26T04:08:37.055Z
2026-07-26T13:23:49+08:00,HUMAN,OPERATING,60,2026-07-26T05:16:16.485Z
2026-07-26T13:23:49+08:00,CYLON,OPERATING,80,2026-07-26T05:16:16.472Z
2026-07-26T14:23:57+08:00,HUMAN,OPERATING,60,2026-07-26T05:16:16.485Z
2026-07-26T14:23:57+08:00,CYLON,OPERATING,50,2026-07-26T06:06:34.798Z
2026-07-26T15:24:17+08:00,HUMAN,OPERATING,80,2026-07-26T07:17:33.540Z
2026-07-26T15:24:17+08:00,CYLON,OPERATING,40,2026-07-26T06:30:34.872Z
2026-07-26T16:23:46+08:00,HUMAN,OPERATING,50,2026-07-26T08:14:46.967Z
2026-07-26T16:23:46+08:00,CYLON,OPERATING,70,2026-07-26T07:52:33.285Z
2026-07-26T17:24:33+08:00,HUMAN,OPERATING,80,2026-07-26T08:55:48.558Z
2026-07-26T17:24:33+08:00,CYLON,OPERATING,50,2026-07-26T08:59:13.708Z
2026-07-26T18:23:45+08:00,HUMAN,OPERATING,40,2026-07-26T10:19:06.951Z
2026-07-26T18:23:45+08:00,CYLON,OPERATING,50,2026-07-26T10:19:06.941Z
2026-07-26T19:24:00+08:00,HUMAN,OPERATING,0,2026-07-26T11:13:07.751Z
2026-07-26T19:24:00+08:00,CYLON,OPERATING,0,2026-07-26T11:03:32.647Z
2026-07-27T10:24:29+08:00,HUMAN,OPERATING,30,2026-07-27T02:07:42.574Z
2026-07-27T10:24:29+08:00,CYLON,OPERATING,30,2026-07-27T02:07:42.558Z
2026-07-27T11:24:02+08:00,HUMAN,OPERATING,90,2026-07-27T03:11:11.848Z
2026-07-27T11:24:02+08:00,CYLON,OPERATING,90,2026-07-27T02:54:59.621Z
2026-07-27T12:24:18+08:00,HUMAN,OPERATING,80,2026-07-27T04:14:41.853Z
2026-07-27T12:24:18+08:00,CYLON,OPERATING,90,2026-07-27T02:54:59.621Z
2026-07-27T13:23:45+08:00,HUMAN,OPERATING,80,2026-07-27T04:14:41.853Z
2026-07-27T13:23:45+08:00,CYLON,OPERATING,110,2026-07-27T05:22:48.058Z
2026-07-27T14:24:20+08:00,HUMAN,OPERATING,90,2026-07-27T05:55:20.783Z
2026-07-27T14:24:20+08:00,CYLON,OPERATING,110,2026-07-27T05:22:48.058Z
2026-07-27T15:24:04+08:00,HUMAN,OPERATING,100,2026-07-27T06:34:24.009Z
2026-07-27T15:24:04+08:00,CYLON,OPERATING,80,2026-07-27T06:37:43.866Z
2026-07-27T16:24:33+08:00,HUMAN,OPERATING,90,2026-07-27T07:41:23.870Z
2026-07-27T16:24:33+08:00,CYLON,OPERATING,110,2026-07-27T07:50:47.403Z
2026-07-27T17:24:13+08:00,HUMAN,OPERATING,80,2026-07-27T09:19:38.880Z
2026-07-27T17:24:13+08:00,CYLON,OPERATING,110,2026-07-27T07:50:47.403Z
2026-07-27T18:24:15+08:00,HUMAN,OPERATING,80,2026-07-27T09:19:38.880Z
2026-07-27T18:24:15+08:00,CYLON,OPERATING,70,2026-07-27T09:58:35.192Z
2026-07-27T19:24:20+08:00,HUMAN,OPERATING,50,2026-07-27T11:21:04.767Z
2026-07-27T19:24:20+08:00,CYLON,OPERATING,70,2026-07-27T11:02:57.233Z
2026-07-28T10:24:19+08:00,HUMAN,OPERATING,0,2026-07-28T02:00:45.450Z
2026-07-28T10:24:19+08:00,CYLON,OPERATING,0,2026-07-28T02:00:45.444Z
2026-07-28T11:24:19+08:00,HUMAN,OPERATING,90,2026-07-28T03:19:49.197Z
2026-07-28T11:24:19+08:00,CYLON,OPERATING,90,2026-07-28T03:11:09.774Z
2026-07-28T12:24:19+08:00,HUMAN,OPERATING,100,2026-07-28T03:29:15.794Z
2026-07-28T12:24:19+08:00,CYLON,OPERATING,100,2026-07-28T03:29:15.786Z
2026-07-28T13:23:54+08:00,HUMAN,OPERATING,60,2026-07-28T05:15:46.132Z
2026-07-28T13:23:54+08:00,CYLON,OPERATING,110,2026-07-28T05:08:07.683Z
2026-07-28T14:24:27+08:00,HUMAN,OPERATING,90,2026-07-28T05:58:38.981Z
2026-07-28T14:24:27+08:00,CYLON,OPERATING,70,2026-07-28T06:23:19.602Z
2026-07-28T15:24:20+08:00,HUMAN,OPERATING,100,2026-07-28T07:10:55.964Z
2026-07-28T15:24:20+08:00,CYLON,OPERATING,100,2026-07-28T07:23:31.660Z
2026-07-28T16:24:13+08:00,HUMAN,OPERATING,100,2026-07-28T07:10:55.964Z
2026-07-28T16:24:13+08:00,CYLON,OPERATING,110,2026-07-28T07:59:26.850Z
2026-07-28T17:24:15+08:00,HUMAN,OPERATING,0,2026-07-28T08:42:49.697Z
2026-07-28T17:24:15+08:00,CYLON,OPERATING,0,2026-07-28T08:42:49.688Z
2026-07-28T18:24:23+08:00,HUMAN,OPERATING,80,2026-07-28T10:21:55.688Z
2026-07-28T18:24:23+08:00,CYLON,OPERATING,80,2026-07-28T10:21:55.679Z
2026-07-28T19:23:57+08:00,HUMAN,OPERATING,80,2026-07-28T11:12:51.388Z
2026-07-28T19:23:57+08:00,CYLON,OPERATING,80,2026-07-28T10:21:55.679Z
2026-07-29T10:24:03+08:00,HUMAN,OPERATING,40,2026-07-29T02:14:43.466Z
2026-07-29T10:24:03+08:00,CYLON,OPERATING,30,2026-07-29T02:11:36.494Z
2026-07-29T11:24:00+08:00,HUMAN,OPERATING,90,2026-07-29T03:09:21.187Z
2026-07-29T11:24:00+08:00,CYLON,OPERATING,60,2026-07-29T02:38:59.585Z
2026-07-29T12:24:16+08:00,HUMAN,OPERATING,70,2026-07-29T03:54:30.143Z
2026-07-29T12:24:16+08:00,CYLON,OPERATING,70,2026-07-29T03:33:00.362Z
2026-07-29T13:24:14+08:00,HUMAN,OPERATING,80,2026-07-29T04:31:00.936Z
2026-07-29T13:24:14+08:00,CYLON,OPERATING,40,2026-07-29T05:23:53.764Z
2026-07-29T14:24:19+08:00,HUMAN,OPERATING,0,2026-07-29T06:21:49.045Z
2026-07-29T14:24:19+08:00,CYLON,OPERATING,0,2026-07-29T06:13:24.506Z
2026-07-29T15:24:11+08:00,HUMAN,OPERATING,70,2026-07-29T07:11:00.605Z
2026-07-29T15:24:11+08:00,CYLON,OPERATING,50,2026-07-29T07:15:59.157Z
2026-07-29T16:24:27+08:00,HUMAN,OPERATING,80,2026-07-29T08:09:31.910Z
2026-07-29T16:24:27+08:00,CYLON,OPERATING,60,2026-07-29T08:18:12.313Z
2026-07-29T17:24:27+08:00,HUMAN,OPERATING,70,2026-07-29T09:23:16.366Z
2026-07-29T17:24:27+08:00,CYLON,OPERATING,80,2026-07-29T09:21:56.872Z
2026-07-29T18:24:21+08:00,HUMAN,OPERATING,70,2026-07-29T09:23:16.366Z
2026-07-29T18:24:21+08:00,CYLON,OPERATING,60,2026-07-29T10:01:35.678Z
2026-07-29T19:24:25+08:00,HUMAN,OPERATING,40,2026-07-29T10:43:49.516Z
2026-07-29T19:24:25+08:00,CYLON,OPERATING,60,2026-07-29T10:01:35.678Z
2026-07-30T10:24:12+08:00,HUMAN,OPERATING,30,2026-07-30T02:13:45.396Z
2026-07-30T10:24:12+08:00,CYLON,OPERATING,40,2026-07-30T02:13:45.377Z
2026-07-30T11:24:29+08:00,HUMAN,OPERATING,80,2026-07-30T02:47:34.356Z
2026-07-30T11:24:29+08:00,CYLON,OPERATING,70,2026-07-30T03:05:29.870Z
2026-07-30T12:24:16+08:00,HUMAN,OPERATING,90,2026-07-30T04:08:56.559Z
2026-07-30T12:24:16+08:00,CYLON,OPERATING,70,2026-07-30T04:10:47.517Z
2026-07-30T13:24:14+08:00,HUMAN,OPERATING,50,2026-07-30T05:21:55.089Z
2026-07-30T13:24:14+08:00,CYLON,OPERATING,90,2026-07-30T05:23:40.557Z
2026-07-30T14:24:37+08:00,HUMAN,OPERATING,90,2026-07-30T06:18:25.202Z
2026-07-30T14:24:37+08:00,CYLON,OPERATING,50,2026-07-30T06:11:59.226Z
2026-07-30T15:24:23+08:00,HUMAN,OPERATING,80,2026-07-30T07:14:54.679Z
2026-07-30T15:24:23+08:00,CYLON,OPERATING,90,2026-07-30T07:14:54.669Z
2026-07-30T16:24:26+08:00,HUMAN,OPERATING,60,2026-07-30T08:15:27.433Z
2026-07-30T16:24:26+08:00,CYLON,OPERATING,60,2026-07-30T07:49:02.275Z
2026-07-30T17:23:55+08:00,HUMAN,OPERATING,80,2026-07-30T08:59:07.503Z
2026-07-30T17:23:55+08:00,CYLON,OPERATING,70,2026-07-30T09:23:34.279Z
2026-07-30T19:24:15+08:00,HUMAN,OPERATING,50,2026-07-30T10:36:09.779Z
2026-07-30T19:24:15+08:00,CYLON,OPERATING,40,2026-07-30T10:36:09.771Z
2026-07-31T10:24:19+08:00,HUMAN,OPERATING,50,2026-07-31T02:23:20.338Z
2026-07-31T10:24:19+08:00,CYLON,OPERATING,60,2026-07-31T02:22:50.255Z
2026-07-31T11:24:05+08:00,HUMAN,OPERATING,100,2026-07-31T03:19:25.036Z
2026-07-31T11:24:05+08:00,CYLON,OPERATING,50,2026-07-31T03:10:27.032Z
2026-07-31T12:24:09+08:00,HUMAN,OPERATING,90,2026-07-31T04:10:59.053Z
2026-07-31T12:24:09+08:00,CYLON,OPERATING,80,2026-07-31T04:23:41.966Z
2026-07-31T13:23:57+08:00,HUMAN,OPERATING,110,2026-07-31T04:49:06.985Z
2026-07-31T13:23:57+08:00,CYLON,OPERATING,70,2026-07-31T05:01:39.650Z
2026-07-31T14:24:18+08:00,HUMAN,OPERATING,110,2026-07-31T04:49:06.985Z
2026-07-31T14:24:18+08:00,CYLON,OPERATING,70,2026-07-31T06:18:00.508Z
2026-07-31T15:24:18+08:00,HUMAN,OPERATING,0,2026-07-31T07:02:14.556Z
2026-07-31T15:24:18+08:00,CYLON,OPERATING,80,2026-07-31T06:55:51.643Z
2026-07-31T16:23:57+08:00,HUMAN,OPERATING,80,2026-07-31T08:23:30.797Z
2026-07-31T16:23:57+08:00,CYLON,OPERATING,70,2026-07-31T08:20:15.212Z
2026-07-31T17:24:12+08:00,HUMAN,OPERATING,90,2026-07-31T09:17:38.777Z
2026-07-31T17:24:12+08:00,CYLON,OPERATING,70,2026-07-31T08:20:15.212Z
2026-07-31T18:24:14+08:00,HUMAN,OPERATING,80,2026-07-31T09:59:57.349Z
2026-07-31T18:24:14+08:00,CYLON,OPERATING,70,2026-07-31T08:20:15.212Z
2026-07-31T19:24:06+08:00,HUMAN,OPERATING,0,2026-07-31T11:01:00.350Z
2026-07-31T19:24:06+08:00,CYLON,OPERATING,0,2026-07-31T11:01:00.326Z
2026-08-01T10:24:02+08:00,HUMAN,OPERATING,30,2026-08-01T02:05:26.527Z
2026-08-01T10:24:02+08:00,CYLON,OPERATING,40,2026-08-01T02:19:02.634Z
2026-08-01T11:24:12+08:00,HUMAN,OPERATING,90,2026-08-01T03:05:04.629Z
2026-08-01T11:24:12+08:00,CYLON,OPERATING,80,2026-08-01T03:05:04.535Z
2026-08-01T12:23:46+08:00,HUMAN,OPERATING,0,2026-08-01T04:06:08.136Z
2026-08-01T12:23:46+08:00,CYLON,OPERATING,0,2026-08-01T04:10:52.637Z
2026-08-01T13:24:06+08:00,HUMAN,OPERATING,70,2026-08-01T05:07:24.095Z
2026-08-01T13:24:06+08:00,CYLON,OPERATING,70,2026-08-01T05:16:46.652Z
2026-08-01T14:24:03+08:00,HUMAN,OPERATING,80,2026-08-01T05:53:25.605Z
2026-08-01T14:24:03+08:00,CYLON,OPERATING,80,2026-08-01T05:38:56.486Z
2026-08-01T15:24:13+08:00,HUMAN,OPERATING,90,2026-08-01T06:58:29.579Z
2026-08-01T15:24:13+08:00,CYLON,OPERATING,70,2026-08-01T06:54:35.608Z
2026-08-01T16:23:36+08:00,HUMAN,OPERATING,90,2026-08-01T06:58:29.579Z
2026-08-01T16:23:36+08:00,CYLON,OPERATING,80,2026-08-01T08:22:29.716Z
2026-08-01T17:24:05+08:00,HUMAN,OPERATING,80,2026-08-01T08:45:04.141Z
2026-08-01T17:24:05+08:00,CYLON,OPERATING,80,2026-08-01T08:54:28.507Z
2026-08-01T18:24:26+08:00,HUMAN,OPERATING,50,2026-08-01T10:14:22.548Z
2026-08-01T18:24:26+08:00,CYLON,OPERATING,60,2026-08-01T10:14:22.537Z
2026-08-01T19:24:13+08:00,HUMAN,OPERATING,0,2026-08-01T11:01:10.181Z
2026-08-01T19:24:13+08:00,CYLON,OPERATING,0,2026-08-01T11:01:10.171Z
2026-08-02T10:24:03+08:00,HUMAN,OPERATING,100,2026-08-02T02:22:14.069Z
2026-08-02T10:24:03+08:00,CYLON,DOWN,,2026-08-02T01:51:47.749Z
2026-08-02T11:24:05+08:00,HUMAN,OPERATING,0,2026-08-02T02:57:04.420Z
2026-08-02T11:24:05+08:00,CYLON,DOWN,,2026-08-02T01:51:47.749Z
2026-08-02T12:24:21+08:00,HUMAN,OPERATING,70,2026-08-02T04:11:07.274Z
2026-08-02T12:24:21+08:00,CYLON,DOWN,,2026-08-02T01:51:47.749Z
2026-08-02T13:24:19+08:00,HUMAN,OPERATING,110,2026-08-02T05:05:43.880Z
2026-08-02T13:24:19+08:00,CYLON,DOWN,,2026-08-02T01:51:47.749Z
2026-08-02T14:24:14+08:00,HUMAN,OPERATING,110,2026-08-02T05:05:43.880Z
2026-08-02T14:24:14+08:00,CYLON,DOWN,,2026-08-02T01:51:47.749Z
2026-08-02T15:23:50+08:00,HUMAN,OPERATING,110,2026-08-02T05:05:43.880Z
2026-08-02T15:23:50+08:00,CYLON,DOWN,,2026-08-02T01:51:47.749Z
2026-08-02T16:24:18+08:00,HUMAN,OPERATING,100,2026-08-02T07:43:36.075Z
2026-08-02T16:24:18+08:00,CYLON,DOWN,,2026-08-02T01:51:47.749Z
2026-08-02T17:23:50+08:00,HUMAN,OPERATING,110,2026-08-02T09:10:09.882Z
2026-08-02T17:23:50+08:00,CYLON,DOWN,,2026-08-02T01:51:47.749Z
2026-08-02T18:24:02+08:00,HUMAN,OPERATING,110,2026-08-02T09:10:09.882Z
2026-08-02T18:24:02+08:00,CYLON,DOWN,,2026-08-02T01:51:47.749Z
2026-08-02T19:24:06+08:00,HUMAN,OPERATING,0,2026-08-02T11:01:52.817Z
2026-08-02T19:24:06+08:00,CYLON,DOWN,,2026-08-02T01:51:47.749Z
2026-08-03T10:23:42+08:00,HUMAN,OPERATING,30,2026-08-03T02:18:31.787Z
2026-08-03T10:23:42+08:00,CYLON,OPERATING,30,2026-08-03T02:02:52.998Z
2026-08-03T11:24:05+08:00,HUMAN,OPERATING,80,2026-08-03T02:37:19.752Z
2026-08-03T11:24:05+08:00,CYLON,OPERATING,60,2026-08-03T02:36:38.440Z
2026-08-03T12:24:15+08:00,HUMAN,OPERATING,0,2026-08-03T04:09:17.738Z
2026-08-03T12:24:15+08:00,CYLON,OPERATING,0,2026-08-03T04:22:40.284Z
2026-08-03T13:23:49+08:00,HUMAN,OPERATING,100,2026-08-03T05:14:43.549Z
2026-08-03T13:23:49+08:00,CYLON,OPERATING,70,2026-08-03T05:05:14.972Z
2026-08-03T14:24:19+08:00,HUMAN,OPERATING,90,2026-08-03T05:38:50.900Z
2026-08-03T14:24:19+08:00,CYLON,OPERATING,130,2026-08-03T06:21:10.636Z
2026-08-03T15:24:23+08:00,HUMAN,OPERATING,130,2026-08-03T06:59:39.119Z
2026-08-03T15:24:23+08:00,CYLON,OPERATING,130,2026-08-03T06:21:10.636Z
2026-08-03T16:24:44+08:00,HUMAN,OPERATING,80,2026-08-03T07:42:07.300Z
2026-08-03T16:24:44+08:00,CYLON,OPERATING,110,2026-08-03T08:18:21.530Z
2026-08-03T17:24:36+08:00,HUMAN,OPERATING,110,2026-08-03T09:07:35.430Z
2026-08-03T17:24:36+08:00,CYLON,OPERATING,90,2026-08-03T09:07:35.420Z
2026-08-03T18:23:43+08:00,HUMAN,OPERATING,70,2026-08-03T10:07:58.137Z
2026-08-03T18:23:43+08:00,CYLON,OPERATING,90,2026-08-03T10:00:14.739Z
2026-08-03T19:24:12+08:00,HUMAN,OPERATING,60,2026-08-03T10:45:18.911Z
2026-08-03T19:24:12+08:00,CYLON,OPERATING,45,2026-08-03T10:42:06.351Z
2026-08-04T10:24:01+08:00,HUMAN,OPERATING,60,2026-08-04T02:17:07.409Z
2026-08-04T10:24:01+08:00,CYLON,OPERATING,50,2026-08-04T02:17:07.402Z
2026-08-04T11:23:45+08:00,HUMAN,OPERATING,100,2026-08-04T02:50:11.597Z
2026-08-04T11:23:45+08:00,CYLON,OPERATING,80,2026-08-04T02:48:29.611Z
2026-08-04T12:23:55+08:00,HUMAN,OPERATING,40,2026-08-04T04:15:49.339Z
2026-08-04T12:23:55+08:00,CYLON,OPERATING,60,2026-08-04T04:11:23.293Z
2026-08-04T13:24:36+08:00,HUMAN,OPERATING,100,2026-08-04T04:59:39.874Z
2026-08-04T13:24:36+08:00,CYLON,OPERATING,50,2026-08-04T05:02:41.688Z
2026-08-04T14:25:48+08:00,HUMAN,OPERATING,110,2026-08-04T06:05:33.158Z
2026-08-04T14:25:48+08:00,CYLON,OPERATING,90,2026-08-04T06:06:29.598Z
2026-08-04T15:24:00+08:00,HUMAN,OPERATING,60,2026-08-04T07:09:31.440Z
2026-08-04T15:24:00+08:00,CYLON,OPERATING,80,2026-08-04T07:16:03.955Z
2026-08-04T16:24:44+08:00,HUMAN,OPERATING,90,2026-08-04T07:33:42.601Z
2026-08-04T16:24:44+08:00,CYLON,OPERATING,100,2026-08-04T08:20:50.925Z
2026-08-04T17:23:55+08:00,HUMAN,OPERATING,40,2026-08-04T09:23:14.580Z
2026-08-04T17:23:55+08:00,CYLON,OPERATING,80,2026-08-04T09:08:03.679Z
2026-08-04T18:23:55+08:00,HUMAN,OPERATING,100,2026-08-04T10:01:31.143Z
2026-08-04T18:23:55+08:00,CYLON,OPERATING,50,2026-08-04T09:58:22.754Z
2026-08-04T19:23:59+08:00,HUMAN,OPERATING,60,2026-08-04T11:23:18.903Z
2026-08-04T19:23:59+08:00,CYLON,OPERATING,50,2026-08-04T11:18:21.240Z
2026-08-05T10:24:48+08:00,HUMAN,CLOSED,,2026-08-04T12:01:18.248Z
2026-08-05T10:24:48+08:00,CYLON,CLOSED,,2026-08-04T12:01:18.236Z
2026-08-05T11:24:06+08:00,HUMAN,OPERATING,80,2026-08-05T03:03:45.914Z
2026-08-05T11:24:06+08:00,CYLON,OPERATING,80,2026-08-05T03:11:38.954Z
2026-08-05T12:24:25+08:00,HUMAN,OPERATING,80,2026-08-05T03:03:45.914Z
2026-08-05T12:24:25+08:00,CYLON,OPERATING,60,2026-08-05T04:08:42.364Z
2026-08-05T13:24:18+08:00,HUMAN,OPERATING,0,2026-08-05T05:07:49.796Z
2026-08-05T13:24:18+08:00,CYLON,OPERATING,0,2026-08-05T05:09:33.723Z
2026-08-05T14:24:53+08:00,HUMAN,OPERATING,50,2026-08-05T06:00:13.224Z
2026-08-05T14:24:53+08:00,CYLON,OPERATING,60,2026-08-05T06:04:23.459Z
2026-08-05T15:23:37+08:00,HUMAN,OPERATING,110,2026-08-05T07:01:04.085Z
2026-08-05T15:23:37+08:00,CYLON,OPERATING,100,2026-08-05T07:01:04.055Z
2026-08-05T16:24:00+08:00,HUMAN,OPERATING,90,2026-08-05T08:07:04.944Z
2026-08-05T16:24:00+08:00,CYLON,OPERATING,40,2026-08-05T08:23:23.944Z
2026-08-05T17:24:33+08:00,HUMAN,OPERATING,60,2026-08-05T08:54:13.694Z
2026-08-05T17:24:33+08:00,CYLON,OPERATING,70,2026-08-05T09:02:01.233Z
2026-08-05T18:24:01+08:00,HUMAN,OPERATING,70,2026-08-05T10:22:52.616Z
2026-08-05T18:24:01+08:00,CYLON,OPERATING,60,2026-08-05T10:20:45.590Z
2026-08-05T19:24:31+08:00,HUMAN,OPERATING,60,2026-08-05T10:25:26.097Z
2026-08-05T19:24:31+08:00,CYLON,OPERATING,40,2026-08-05T11:17:45.299Z
2026-08-06T10:25:14+08:00,HUMAN,OPERATING,50,2026-08-06T02:17:37.213Z
2026-08-06T10:25:14+08:00,CYLON,OPERATING,60,2026-08-06T02:24:30.661Z
2026-08-06T11:24:43+08:00,HUMAN,OPERATING,130,2026-08-06T03:09:39.109Z
2026-08-06T11:24:43+08:00,CYLON,OPERATING,120,2026-08-06T03:15:08.251Z
2026-08-06T12:24:33+08:00,HUMAN,OPERATING,0,2026-08-06T04:03:44.079Z
2026-08-06T12:24:33+08:00,CYLON,OPERATING,0,2026-08-06T04:03:44.072Z
2026-08-06T13:23:54+08:00,HUMAN,OPERATING,70,2026-08-06T05:00:34.843Z
2026-08-06T13:23:54+08:00,CYLON,OPERATING,70,2026-08-06T04:53:24.098Z
2026-08-06T14:26:21+08:00,HUMAN,OPERATING,100,2026-08-06T06:01:50.697Z
2026-08-06T14:26:21+08:00,CYLON,OPERATING,70,2026-08-06T04:53:24.098Z
2026-08-06T15:24:41+08:00,HUMAN,OPERATING,90,2026-08-06T07:13:10.469Z
2026-08-06T15:24:41+08:00,CYLON,OPERATING,80,2026-08-06T07:08:05.867Z
2026-08-06T16:24:07+08:00,HUMAN,OPERATING,0,2026-08-06T08:10:59.242Z
2026-08-06T16:24:07+08:00,CYLON,OPERATING,90,2026-08-06T07:25:55.788Z
2026-08-06T17:24:24+08:00,HUMAN,OPERATING,70,2026-08-06T09:15:17.896Z
2026-08-06T17:24:24+08:00,CYLON,OPERATING,80,2026-08-06T09:10:04.466Z
2026-08-06T18:24:29+08:00,HUMAN,OPERATING,70,2026-08-06T10:09:17.162Z
2026-08-06T18:24:29+08:00,CYLON,OPERATING,60,2026-08-06T10:11:10.937Z
2026-08-06T19:25:57+08:00,HUMAN,OPERATING,50,2026-08-06T11:12:41.501Z
2026-08-06T19:25:57+08:00,CYLON,OPERATING,50,2026-08-06T11:07:43.822Z
2026-08-07T10:24:33+08:00,HUMAN,OPERATING,40,2026-08-07T02:08:28.705Z
2026-08-07T10:24:33+08:00,CYLON,OPERATING,50,2026-08-07T02:20:54.527Z
2026-08-07T11:24:00+08:00,HUMAN,OPERATING,60,2026-08-07T03:03:31.559Z
2026-08-07T11:24:00+08:00,CYLON,OPERATING,70,2026-08-07T03:03:31.553Z
2026-08-07T12:24:29+08:00,HUMAN,OPERATING,90,2026-08-07T03:36:15.996Z
2026-08-07T12:24:29+08:00,CYLON,OPERATING,90,2026-08-07T03:49:59.559Z
2026-08-07T13:24:11+08:00,HUMAN,OPERATING,110,2026-08-07T04:30:26.948Z
2026-08-07T13:24:11+08:00,CYLON,OPERATING,110,2026-08-07T05:18:42.563Z
2026-08-07T14:26:58+08:00,HUMAN,OPERATING,90,2026-08-07T06:22:31.628Z
2026-08-07T14:26:58+08:00,CYLON,OPERATING,90,2026-08-07T06:23:51.556Z
2026-08-07T15:24:48+08:00,HUMAN,OPERATING,100,2026-08-07T07:00:38.092Z
2026-08-07T15:24:48+08:00,CYLON,OPERATING,100,2026-08-07T06:57:31.530Z
2026-08-07T16:24:33+08:00,HUMAN,OPERATING,90,2026-08-07T07:39:46.852Z
2026-08-07T16:24:33+08:00,CYLON,OPERATING,90,2026-08-07T07:39:46.842Z
2026-08-07T17:24:02+08:00,HUMAN,OPERATING,150,2026-08-07T09:11:28.416Z
2026-08-07T17:24:02+08:00,CYLON,OPERATING,90,2026-08-07T09:04:12.995Z
2026-08-07T18:23:55+08:00,HUMAN,OPERATING,80,2026-08-07T09:51:42.289Z
2026-08-07T18:23:55+08:00,CYLON,OPERATING,80,2026-08-07T09:51:42.272Z
2026-08-07T19:24:28+08:00,HUMAN,OPERATING,0,2026-08-07T11:01:26.858Z
2026-08-07T19:24:28+08:00,CYLON,OPERATING,0,2026-08-07T11:01:26.848Z
2026-08-08T10:24:24+08:00,HUMAN,OPERATING,40,2026-08-08T02:15:50.334Z
2026-08-08T10:24:24+08:00,CYLON,OPERATING,40,2026-08-08T02:15:50.324Z
2026-08-08T11:24:23+08:00,HUMAN,OPERATING,90,2026-08-08T03:01:23.260Z
2026-08-08T11:24:23+08:00,CYLON,OPERATING,70,2026-08-08T02:28:13.644Z
2026-08-08T12:24:11+08:00,HUMAN,OPERATING,90,2026-08-08T03:01:23.260Z
2026-08-08T12:24:11+08:00,CYLON,OPERATING,60,2026-08-08T04:07:01.575Z
2026-08-08T13:24:26+08:00,HUMAN,OPERATING,150,2026-08-08T04:47:13.333Z
2026-08-08T13:24:26+08:00,CYLON,OPERATING,120,2026-08-08T05:12:21.417Z
2026-08-08T14:24:27+08:00,HUMAN,OPERATING,100,2026-08-08T06:19:30.773Z
2026-08-08T14:24:27+08:00,CYLON,OPERATING,110,2026-08-08T06:12:03.453Z
2026-08-08T15:24:12+08:00,HUMAN,OPERATING,100,2026-08-08T06:19:30.773Z
2026-08-08T15:24:12+08:00,CYLON,OPERATING,90,2026-08-08T06:44:05.778Z
2026-08-08T16:23:45+08:00,HUMAN,OPERATING,150,2026-08-08T08:07:19.561Z
2026-08-08T16:23:45+08:00,CYLON,OPERATING,100,2026-08-08T07:57:22.246Z
2026-08-08T17:24:15+08:00,HUMAN,OPERATING,90,2026-08-08T09:01:10.130Z
2026-08-08T17:24:15+08:00,CYLON,OPERATING,100,2026-08-08T07:57:22.246Z
2026-08-08T18:23:44+08:00,HUMAN,OPERATING,60,2026-08-08T09:55:15.205Z
2026-08-08T18:23:44+08:00,CYLON,OPERATING,50,2026-08-08T10:17:10.200Z
2026-08-08T19:24:42+08:00,HUMAN,OPERATING,0,2026-08-08T11:01:47.630Z
2026-08-08T19:24:42+08:00,CYLON,OPERATING,0,2026-08-08T11:01:47.620Z
2026-08-09T10:24:22+08:00,HUMAN,OPERATING,60,2026-08-09T02:21:27.171Z
2026-08-09T10:24:22+08:00,CYLON,OPERATING,60,2026-08-09T02:16:50.877Z
2026-08-09T11:24:18+08:00,HUMAN,OPERATING,90,2026-08-09T03:04:54.326Z
2026-08-09T11:24:18+08:00,CYLON,OPERATING,80,2026-08-09T03:09:31.322Z
2026-08-09T12:23:50+08:00,HUMAN,OPERATING,80,2026-08-09T04:10:20.995Z
2026-08-09T12:23:50+08:00,CYLON,OPERATING,60,2026-08-09T04:16:40.087Z
2026-08-09T13:24:30+08:00,HUMAN,OPERATING,70,2026-08-09T05:20:07.507Z
2026-08-09T13:24:30+08:00,CYLON,OPERATING,60,2026-08-09T04:49:56.947Z
2026-08-09T14:24:19+08:00,HUMAN,OPERATING,0,2026-08-09T05:51:21.055Z
2026-08-09T14:24:19+08:00,CYLON,OPERATING,70,2026-08-09T06:19:32.173Z
2026-08-09T15:24:19+08:00,HUMAN,OPERATING,0,2026-08-09T05:51:21.055Z
2026-08-09T15:24:19+08:00,CYLON,OPERATING,80,2026-08-09T06:25:40.379Z
2026-08-09T16:24:31+08:00,HUMAN,OPERATING,0,2026-08-09T05:51:21.055Z
2026-08-09T16:24:31+08:00,CYLON,OPERATING,90,2026-08-09T07:42:54.049Z
2026-08-09T17:24:10+08:00,HUMAN,OPERATING,0,2026-08-09T05:51:21.055Z
2026-08-09T17:24:10+08:00,CYLON,OPERATING,90,2026-08-09T08:54:48.471Z
2026-08-09T18:23:49+08:00,HUMAN,OPERATING,0,2026-08-09T05:51:21.055Z
2026-08-09T18:23:49+08:00,CYLON,OPERATING,60,2026-08-09T10:22:00.836Z
2026-08-09T19:23:59+08:00,HUMAN,OPERATING,0,2026-08-09T05:51:21.055Z
2026-08-09T19:23:59+08:00,CYLON,OPERATING,0,2026-08-09T11:00:26.979Z
2026-08-10T10:24:01+08:00,HUMAN,DOWN,,2026-08-10T00:25:04.940Z
2026-08-10T10:24:01+08:00,CYLON,OPERATING,100,2026-08-10T02:16:53.890Z
2026-08-10T11:24:13+08:00,HUMAN,DOWN,,2026-08-10T00:25:04.940Z
2026-08-10T11:24:13+08:00,CYLON,OPERATING,110,2026-08-10T02:49:21.593Z
2026-08-10T12:24:27+08:00,HUMAN,DOWN,,2026-08-10T00:25:04.940Z
2026-08-10T12:24:27+08:00,CYLON,OPERATING,0,2026-08-10T03:47:34.223Z
2026-08-10T13:24:44+08:00,HUMAN,DOWN,,2026-08-10T00:25:04.940Z
2026-08-10T13:24:44+08:00,CYLON,OPERATING,100,2026-08-10T05:24:03.804Z
2026-08-10T14:30:44+08:00,HUMAN,DOWN,,2026-08-10T00:25:04.940Z
2026-08-10T14:30:44+08:00,CYLON,OPERATING,200,2026-08-10T06:30:15.188Z
2026-08-10T15:27:32+08:00,HUMAN,DOWN,,2026-08-10T00:25:04.940Z
2026-08-10T15:27:32+08:00,CYLON,OPERATING,190,2026-08-10T07:10:33.317Z
2026-08-12T12:24:37+08:00,HUMAN,OPERATING,50,2026-08-12T04:18:20.999Z
2026-08-12T12:24:37+08:00,CYLON,OPERATING,30,2026-08-12T04:18:20.991Z
2026-08-12T13:24:13+08:00,HUMAN,OPERATING,70,2026-08-12T04:37:48.347Z
2026-08-12T13:24:13+08:00,CYLON,OPERATING,70,2026-08-12T04:37:48.338Z
2026-08-12T14:27:34+08:00,HUMAN,OPERATING,130,2026-08-12T06:26:16.704Z
2026-08-12T14:27:34+08:00,CYLON,OPERATING,80,2026-08-12T06:13:59.172Z
2026-08-12T15:25:49+08:00,HUMAN,OPERATING,80,2026-08-12T07:20:20.640Z
2026-08-12T15:25:49+08:00,CYLON,OPERATING,90,2026-08-12T06:42:30.395Z
2026-08-12T16:24:00+08:00,HUMAN,OPERATING,80,2026-08-12T07:53:07.071Z
2026-08-12T16:24:00+08:00,CYLON,OPERATING,60,2026-08-12T08:02:48.469Z
2026-08-12T17:24:02+08:00,HUMAN,OPERATING,60,2026-08-12T08:47:44.088Z
2026-08-12T17:24:02+08:00,CYLON,OPERATING,80,2026-08-12T08:47:44.080Z
2026-08-12T18:24:21+08:00,HUMAN,OPERATING,60,2026-08-12T08:47:44.088Z
2026-08-12T18:24:21+08:00,CYLON,OPERATING,70,2026-08-12T09:38:51.121Z
2026-08-12T19:25:06+08:00,HUMAN,OPERATING,60,2026-08-12T11:19:31.334Z
2026-08-12T19:25:06+08:00,CYLON,OPERATING,60,2026-08-12T11:13:31.764Z
2026-08-13T10:24:31+08:00,HUMAN,OPERATING,80,2026-08-13T02:21:45.348Z
2026-08-13T10:24:31+08:00,CYLON,OPERATING,40,2026-08-13T02:21:45.343Z
2026-08-13T11:24:12+08:00,HUMAN,OPERATING,80,2026-08-13T02:21:45.348Z
2026-08-13T11:24:12+08:00,CYLON,OPERATING,70,2026-08-13T03:08:37.291Z
2026-08-13T12:24:07+08:00,HUMAN,OPERATING,80,2026-08-13T03:50:38.359Z
2026-08-13T12:24:07+08:00,CYLON,OPERATING,70,2026-08-13T03:49:28.737Z
2026-08-13T13:24:20+08:00,HUMAN,OPERATING,90,2026-08-13T04:41:49.487Z
2026-08-13T13:24:20+08:00,CYLON,OPERATING,90,2026-08-13T04:48:03.817Z
2026-08-13T14:28:16+08:00,HUMAN,OPERATING,80,2026-08-13T06:26:35.426Z
2026-08-13T14:28:16+08:00,CYLON,OPERATING,80,2026-08-13T06:07:40.140Z
2026-08-13T15:27:07+08:00,HUMAN,OPERATING,80,2026-08-13T06:26:35.426Z
2026-08-13T15:27:07+08:00,CYLON,OPERATING,60,2026-08-13T07:10:41.208Z
2026-08-13T16:24:21+08:00,HUMAN,OPERATING,100,2026-08-13T07:46:31.439Z
2026-08-13T16:24:21+08:00,CYLON,OPERATING,70,2026-08-13T07:59:58.421Z
2026-08-13T17:24:05+08:00,HUMAN,OPERATING,80,2026-08-13T08:48:16.178Z
2026-08-13T17:24:05+08:00,CYLON,OPERATING,70,2026-08-13T07:59:58.421Z
2026-08-13T18:29:40+08:00,HUMAN,OPERATING,70,2026-08-13T10:00:45.624Z
2026-08-13T18:29:40+08:00,CYLON,OPERATING,60,2026-08-13T10:02:00.064Z
2026-08-13T19:26:04+08:00,HUMAN,OPERATING,40,2026-08-13T11:15:23.044Z
2026-08-13T19:26:04+08:00,CYLON,OPERATING,40,2026-08-13T11:15:23.034Z
2026-08-14T10:23:58+08:00,HUMAN,OPERATING,80,2026-08-14T02:22:15.712Z
2026-08-14T10:23:58+08:00,CYLON,OPERATING,70,2026-08-14T02:22:15.704Z
2026-08-14T11:24:27+08:00,HUMAN,OPERATING,80,2026-08-14T02:58:24.820Z
2026-08-14T11:24:27+08:00,CYLON,OPERATING,70,2026-08-14T03:04:24.781Z
2026-08-14T12:26:36+08:00,HUMAN,OPERATING,0,2026-08-14T04:11:47.832Z
2026-08-14T12:26:36+08:00,CYLON,OPERATING,150,2026-08-14T04:19:38.580Z
2026-08-14T13:27:32+08:00,HUMAN,OPERATING,90,2026-08-14T05:27:06.989Z
2026-08-14T13:27:32+08:00,CYLON,OPERATING,150,2026-08-14T04:59:13.641Z
2026-08-14T14:35:30+08:00,HUMAN,OPERATING,80,2026-08-14T06:19:51.734Z
2026-08-14T14:35:30+08:00,CYLON,OPERATING,110,2026-08-14T06:18:41.275Z
2026-08-14T15:36:17+08:00,HUMAN,OPERATING,80,2026-08-14T07:34:16.791Z
2026-08-14T15:36:17+08:00,CYLON,OPERATING,80,2026-08-14T07:04:37.942Z
2026-08-14T16:34:08+08:00,HUMAN,OPERATING,70,2026-08-14T08:05:22.327Z
2026-08-14T16:34:08+08:00,CYLON,OPERATING,80,2026-08-14T08:05:22.318Z
2026-08-14T17:31:58+08:00,HUMAN,OPERATING,120,2026-08-14T09:02:55.095Z
2026-08-14T17:31:58+08:00,CYLON,OPERATING,140,2026-08-14T09:00:15.489Z
2026-08-14T18:37:07+08:00,HUMAN,OPERATING,60,2026-08-14T10:05:50.621Z
2026-08-14T18:37:07+08:00,CYLON,OPERATING,60,2026-08-14T10:14:03.791Z
2026-08-14T19:37:31+08:00,HUMAN,OPERATING,80,2026-08-14T11:21:15.289Z
2026-08-14T19:37:31+08:00,CYLON,OPERATING,80,2026-08-14T10:42:21.782Z
2026-08-15T10:23:53+08:00,HUMAN,OPERATING,40,2026-08-15T02:13:53.521Z
2026-08-15T10:23:53+08:00,CYLON,OPERATING,40,2026-08-15T02:19:55.530Z
2026-08-15T11:24:15+08:00,HUMAN,OPERATING,80,2026-08-15T02:59:06.599Z
2026-08-15T11:24:15+08:00,CYLON,OPERATING,75,2026-08-15T03:11:48.833Z
2026-08-15T12:23:59+08:00,HUMAN,OPERATING,80,2026-08-15T02:59:06.599Z
2026-08-15T12:23:59+08:00,CYLON,OPERATING,110,2026-08-15T04:17:30.343Z
2026-08-15T13:24:28+08:00,HUMAN,OPERATING,0,2026-08-15T04:41:48.102Z
2026-08-15T13:24:28+08:00,CYLON,OPERATING,0,2026-08-15T05:00:49.535Z
2026-08-15T14:23:40+08:00,HUMAN,OPERATING,80,2026-08-15T06:11:55.590Z
2026-08-15T14:23:40+08:00,CYLON,OPERATING,60,2026-08-15T05:27:03.472Z
2026-08-15T15:24:01+08:00,HUMAN,OPERATING,100,2026-08-15T07:07:24.285Z
2026-08-15T15:24:01+08:00,CYLON,OPERATING,90,2026-08-15T06:59:05.285Z
2026-08-15T16:24:06+08:00,HUMAN,OPERATING,60,2026-08-15T08:22:53.573Z
2026-08-15T16:24:06+08:00,CYLON,OPERATING,50,2026-08-15T08:15:51.714Z
2026-08-15T17:24:28+08:00,HUMAN,OPERATING,30,2026-08-15T09:18:55.957Z
2026-08-15T17:24:28+08:00,CYLON,OPERATING,70,2026-08-15T09:05:51.761Z
2026-08-15T18:24:11+08:00,HUMAN,OPERATING,60,2026-08-15T09:47:27.081Z
2026-08-15T18:24:11+08:00,CYLON,OPERATING,80,2026-08-15T09:47:27.071Z
2026-08-15T19:23:44+08:00,HUMAN,OPERATING,60,2026-08-15T09:47:27.081Z
2026-08-15T19:23:44+08:00,CYLON,OPERATING,40,2026-08-15T10:58:40.095Z
2026-08-16T10:23:57+08:00,HUMAN,OPERATING,40,2026-08-16T02:16:52.335Z
2026-08-16T10:23:57+08:00,CYLON,OPERATING,20,2026-08-16T02:19:48.423Z
2026-08-16T11:23:55+08:00,HUMAN,OPERATING,50,2026-08-16T02:31:54.780Z
2026-08-16T11:23:55+08:00,CYLON,OPERATING,70,2026-08-16T03:23:05.520Z
2026-08-16T12:24:18+08:00,HUMAN,OPERATING,50,2026-08-16T02:31:54.780Z
2026-08-16T12:24:18+08:00,CYLON,OPERATING,70,2026-08-16T03:23:05.520Z
2026-08-16T13:24:16+08:00,HUMAN,OPERATING,60,2026-08-16T05:23:30.948Z
2026-08-16T13:24:16+08:00,CYLON,OPERATING,40,2026-08-16T05:02:23.029Z
2026-08-16T14:24:16+08:00,HUMAN,OPERATING,50,2026-08-16T05:25:27.643Z
2026-08-16T14:24:16+08:00,CYLON,OPERATING,40,2026-08-16T05:02:23.029Z
2026-08-16T15:24:37+08:00,HUMAN,OPERATING,60,2026-08-16T07:09:37.292Z
2026-08-16T15:24:37+08:00,CYLON,OPERATING,50,2026-08-16T07:01:39.764Z
2026-08-16T16:23:53+08:00,HUMAN,OPERATING,60,2026-08-16T07:09:37.292Z
2026-08-16T16:23:53+08:00,CYLON,OPERATING,60,2026-08-16T08:13:47.714Z
2026-08-16T17:24:17+08:00,HUMAN,OPERATING,70,2026-08-16T09:17:12.497Z
2026-08-16T17:24:17+08:00,CYLON,OPERATING,0,2026-08-16T09:04:58.041Z
2026-08-16T18:23:56+08:00,HUMAN,OPERATING,40,2026-08-16T10:00:35.965Z
2026-08-16T18:23:56+08:00,CYLON,OPERATING,40,2026-08-16T10:14:02.772Z
2026-08-16T19:23:53+08:00,HUMAN,OPERATING,5,2026-08-16T11:14:18.046Z
2026-08-16T19:23:53+08:00,CYLON,OPERATING,40,2026-08-16T11:04:22.408Z
2026-08-17T10:24:14+08:00,HUMAN,OPERATING,0,2026-08-17T02:02:07.116Z
2026-08-17T10:24:14+08:00,CYLON,OPERATING,0,2026-08-17T02:02:07.105Z
2026-08-17T11:24:01+08:00,HUMAN,OPERATING,5,2026-08-17T03:20:02.953Z
2026-08-17T11:24:01+08:00,CYLON,OPERATING,5,2026-08-17T03:15:26.990Z
2026-08-17T12:24:17+08:00,HUMAN,OPERATING,100,2026-08-17T04:10:42.527Z
2026-08-17T12:24:17+08:00,CYLON,OPERATING,120,2026-08-17T03:59:05.447Z
2026-08-17T13:25:38+08:00,HUMAN,OPERATING,100,2026-08-17T05:10:58.026Z
2026-08-17T13:25:38+08:00,CYLON,OPERATING,120,2026-08-17T04:34:51.216Z
2026-08-17T14:29:13+08:00,HUMAN,OPERATING,100,2026-08-17T05:10:58.026Z
2026-08-17T14:29:13+08:00,CYLON,OPERATING,80,2026-08-17T06:23:02.635Z
2026-08-17T15:25:50+08:00,HUMAN,OPERATING,120,2026-08-17T06:59:17.532Z
2026-08-17T15:25:50+08:00,CYLON,OPERATING,110,2026-08-17T06:59:17.523Z
2026-08-17T16:28:05+08:00,HUMAN,OPERATING,80,2026-08-17T08:03:28.844Z
2026-08-17T16:28:05+08:00,CYLON,OPERATING,120,2026-08-17T07:26:18.225Z
2026-08-17T17:24:19+08:00,HUMAN,OPERATING,90,2026-08-17T08:57:19.274Z
2026-08-17T17:24:19+08:00,CYLON,OPERATING,80,2026-08-17T08:57:19.266Z
2026-08-17T18:24:46+08:00,HUMAN,OPERATING,90,2026-08-17T08:57:19.274Z
2026-08-17T18:24:46+08:00,CYLON,OPERATING,60,2026-08-17T10:22:23.368Z
2026-08-17T19:29:18+08:00,HUMAN,OPERATING,80,2026-08-17T11:02:25.104Z
2026-08-17T19:29:18+08:00,CYLON,OPERATING,60,2026-08-17T11:11:18.499Z
2026-08-18T10:24:03+08:00,HUMAN,OPERATING,40,2026-08-18T02:22:52.208Z
2026-08-18T10:24:03+08:00,CYLON,OPERATING,50,2026-08-18T02:19:46.803Z
2026-08-18T11:23:41+08:00,HUMAN,OPERATING,80,2026-08-18T03:12:43.140Z
2026-08-18T11:23:41+08:00,CYLON,OPERATING,60,2026-08-18T03:16:09.642Z
2026-08-18T12:24:17+08:00,HUMAN,OPERATING,70,2026-08-18T03:59:36.407Z
2026-08-18T12:24:17+08:00,CYLON,OPERATING,70,2026-08-18T04:00:47.709Z
2026-08-18T13:24:08+08:00,HUMAN,OPERATING,70,2026-08-18T05:18:36.227Z
2026-08-18T13:24:08+08:00,CYLON,OPERATING,60,2026-08-18T05:10:38.845Z
2026-08-18T14:24:31+08:00,HUMAN,OPERATING,50,2026-08-18T05:48:00.532Z
2026-08-18T14:24:31+08:00,CYLON,OPERATING,50,2026-08-18T06:15:57.799Z
2026-08-18T15:24:34+08:00,HUMAN,OPERATING,80,2026-08-18T07:04:25.477Z
2026-08-18T15:24:34+08:00,CYLON,OPERATING,70,2026-08-18T06:45:30.930Z
2026-08-18T16:24:06+08:00,HUMAN,OPERATING,50,2026-08-18T08:23:28.805Z
2026-08-18T16:24:06+08:00,CYLON,OPERATING,40,2026-08-18T08:03:32.330Z
2026-08-18T17:24:29+08:00,HUMAN,OPERATING,100,2026-08-18T08:47:40.629Z
2026-08-18T17:24:29+08:00,CYLON,OPERATING,60,2026-08-18T09:00:04.382Z
2026-08-18T18:24:18+08:00,HUMAN,OPERATING,40,2026-08-18T10:22:49.842Z
2026-08-18T18:24:18+08:00,CYLON,OPERATING,50,2026-08-18T09:30:07.369Z
2026-08-18T19:24:15+08:00,HUMAN,OPERATING,30,2026-08-18T11:16:22.877Z
2026-08-18T19:24:15+08:00,CYLON,OPERATING,40,2026-08-18T11:12:27.773Z
2026-08-19T10:23:53+08:00,HUMAN,OPERATING,40,2026-08-19T02:12:51.866Z
2026-08-19T10:23:53+08:00,CYLON,OPERATING,40,2026-08-19T02:14:39.449Z
2026-08-19T11:24:17+08:00,HUMAN,OPERATING,80,2026-08-19T03:11:41.011Z
2026-08-19T11:24:17+08:00,CYLON,OPERATING,70,2026-08-19T02:35:38.630Z
2026-08-19T12:23:50+08:00,HUMAN,OPERATING,80,2026-08-19T03:11:41.011Z
2026-08-19T12:23:50+08:00,CYLON,OPERATING,60,2026-08-19T04:11:50.443Z
2026-08-19T13:23:49+08:00,HUMAN,OPERATING,80,2026-08-19T03:11:41.011Z
2026-08-19T13:23:49+08:00,CYLON,OPERATING,50,2026-08-19T04:35:53.440Z
2026-08-19T14:24:02+08:00,HUMAN,OPERATING,60,2026-08-19T05:40:51.667Z
2026-08-19T14:24:02+08:00,CYLON,OPERATING,50,2026-08-19T06:11:20.218Z
2026-08-19T15:24:05+08:00,HUMAN,OPERATING,60,2026-08-19T05:40:51.667Z
2026-08-19T15:24:05+08:00,CYLON,OPERATING,80,2026-08-19T07:11:03.243Z
2026-08-19T16:24:03+08:00,HUMAN,OPERATING,0,2026-08-19T08:18:29.980Z
2026-08-19T16:24:03+08:00,CYLON,OPERATING,40,2026-08-19T08:20:47.130Z
2026-08-19T17:23:52+08:00,HUMAN,OPERATING,50,2026-08-19T09:19:59.178Z
2026-08-19T17:23:52+08:00,CYLON,OPERATING,40,2026-08-19T09:09:47.469Z
2026-08-19T18:24:08+08:00,HUMAN,OPERATING,60,2026-08-19T09:57:55.374Z
2026-08-19T18:24:08+08:00,CYLON,OPERATING,60,2026-08-19T09:57:20.189Z
2026-08-19T19:24:46+08:00,HUMAN,OPERATING,50,2026-08-19T11:10:38.833Z
2026-08-19T19:24:46+08:00,CYLON,OPERATING,50,2026-08-19T10:51:48.314Z
2026-08-20T10:23:50+08:00,HUMAN,OPERATING,30,2026-08-20T02:14:20.906Z
2026-08-20T10:23:50+08:00,CYLON,OPERATING,30,2026-08-20T02:15:16.492Z
2026-08-20T11:24:21+08:00,HUMAN,OPERATING,80,2026-08-20T02:25:02.222Z
2026-08-20T11:24:21+08:00,CYLON,OPERATING,80,2026-08-20T02:53:58.400Z
2026-08-20T12:24:19+08:00,HUMAN,OPERATING,0,2026-08-20T04:18:44.127Z
2026-08-20T12:24:19+08:00,CYLON,OPERATING,90,2026-08-20T04:09:38.560Z
2026-08-20T13:24:09+08:00,HUMAN,OPERATING,50,2026-08-20T05:01:07.855Z
2026-08-20T13:24:09+08:00,CYLON,OPERATING,70,2026-08-20T05:22:22.058Z
2026-08-20T14:24:18+08:00,HUMAN,OPERATING,0,2026-08-20T06:19:32.101Z
2026-08-20T14:24:18+08:00,CYLON,OPERATING,60,2026-08-20T05:48:12.810Z
2026-08-20T15:24:33+08:00,HUMAN,OPERATING,80,2026-08-20T07:03:03.177Z
2026-08-20T15:24:33+08:00,CYLON,OPERATING,70,2026-08-20T07:21:06.434Z
2026-08-20T16:25:18+08:00,HUMAN,OPERATING,100,2026-08-20T08:22:13.078Z
2026-08-20T16:25:18+08:00,CYLON,OPERATING,50,2026-08-20T08:16:11.438Z
2026-08-20T17:23:50+08:00,HUMAN,OPERATING,70,2026-08-20T09:15:37.286Z
2026-08-20T17:23:50+08:00,CYLON,OPERATING,60,2026-08-20T09:21:59.905Z
2026-08-20T18:24:27+08:00,HUMAN,OPERATING,50,2026-08-20T10:01:14.662Z
2026-08-20T18:24:27+08:00,CYLON,OPERATING,60,2026-08-20T10:16:30.730Z
2026-08-20T19:24:17+08:00,HUMAN,OPERATING,70,2026-08-20T11:19:14.590Z
2026-08-20T19:24:17+08:00,CYLON,OPERATING,50,2026-08-20T10:34:22.194Z
2026-08-21T10:24:16+08:00,HUMAN,OPERATING,30,2026-08-21T02:10:02.874Z
2026-08-21T10:24:16+08:00,CYLON,OPERATING,30,2026-08-21T02:10:44.845Z
2026-08-21T11:23:43+08:00,HUMAN,OPERATING,0,2026-08-21T02:55:38.211Z
2026-08-21T11:23:43+08:00,CYLON,OPERATING,70,2026-08-21T02:58:17.045Z
2026-08-21T12:24:11+08:00,HUMAN,OPERATING,0,2026-08-21T02:55:38.211Z
2026-08-21T12:24:11+08:00,CYLON,OPERATING,100,2026-08-21T03:34:30.747Z
2026-08-21T13:24:01+08:00,HUMAN,OPERATING,100,2026-08-21T05:21:32.075Z
2026-08-21T13:24:01+08:00,CYLON,OPERATING,100,2026-08-21T05:11:11.084Z
2026-08-21T14:24:34+08:00,HUMAN,OPERATING,100,2026-08-21T05:21:32.075Z
2026-08-21T14:24:34+08:00,CYLON,OPERATING,90,2026-08-21T06:02:56.666Z
2026-08-21T15:24:10+08:00,HUMAN,OPERATING,90,2026-08-21T07:21:06.117Z
2026-08-21T15:24:10+08:00,CYLON,OPERATING,70,2026-08-21T06:35:16.318Z
2026-08-21T16:24:08+08:00,HUMAN,OPERATING,70,2026-08-21T07:59:08.124Z
2026-08-21T16:24:08+08:00,CYLON,OPERATING,80,2026-08-21T08:08:32.165Z
2026-08-21T17:24:20+08:00,HUMAN,OPERATING,90,2026-08-21T08:57:07.960Z
2026-08-21T17:24:20+08:00,CYLON,OPERATING,60,2026-08-21T08:45:45.183Z
2026-08-21T18:24:15+08:00,HUMAN,OPERATING,80,2026-08-21T09:33:35.507Z
2026-08-21T18:24:15+08:00,CYLON,OPERATING,60,2026-08-21T08:45:45.183Z
2026-08-21T19:24:10+08:00,HUMAN,OPERATING,60,2026-08-21T10:54:12.918Z
2026-08-21T19:24:10+08:00,CYLON,OPERATING,40,2026-08-21T11:19:26.160Z
2026-08-22T10:24:05+08:00,HUMAN,OPERATING,30,2026-08-22T02:14:51.162Z
2026-08-22T10:24:05+08:00,CYLON,OPERATING,30,2026-08-22T02:11:52.099Z
2026-08-22T11:24:09+08:00,HUMAN,OPERATING,70,2026-08-22T03:03:04.440Z
2026-08-22T11:24:09+08:00,CYLON,OPERATING,50,2026-08-22T02:38:38.908Z
2026-08-22T12:24:33+08:00,HUMAN,OPERATING,70,2026-08-22T03:59:40.876Z
2026-08-22T12:24:33+08:00,CYLON,OPERATING,80,2026-08-22T04:07:03.825Z
2026-08-22T13:24:07+08:00,HUMAN,OPERATING,80,2026-08-22T05:21:30.575Z
2026-08-22T13:24:07+08:00,CYLON,OPERATING,0,2026-08-22T05:13:46.742Z
2026-08-22T14:23:48+08:00,HUMAN,OPERATING,70,2026-08-22T05:47:21.240Z
2026-08-22T14:23:48+08:00,CYLON,OPERATING,80,2026-08-22T06:20:52.768Z
2026-08-22T15:23:57+08:00,HUMAN,OPERATING,80,2026-08-22T07:00:21.488Z
2026-08-22T15:23:57+08:00,CYLON,OPERATING,90,2026-08-22T06:57:13.354Z
2026-08-22T16:23:56+08:00,HUMAN,OPERATING,60,2026-08-22T07:49:17.643Z
2026-08-22T16:23:56+08:00,CYLON,OPERATING,60,2026-08-22T07:49:17.634Z
2026-08-22T17:23:57+08:00,HUMAN,OPERATING,70,2026-08-22T09:17:38.626Z
2026-08-22T17:23:57+08:00,CYLON,OPERATING,60,2026-08-22T07:49:17.634Z
2026-08-22T18:23:41+08:00,HUMAN,OPERATING,60,2026-08-22T10:14:32.033Z
2026-08-22T18:23:41+08:00,CYLON,OPERATING,80,2026-08-22T10:14:32.019Z
2026-08-22T19:24:20+08:00,HUMAN,CLOSED,,2026-08-22T11:00:33.771Z
2026-08-22T19:24:20+08:00,CYLON,CLOSED,,2026-08-22T11:00:33.763Z
2026-08-23T10:24:02+08:00,HUMAN,OPERATING,60,2026-08-23T02:22:09.472Z
2026-08-23T10:24:02+08:00,CYLON,OPERATING,80,2026-08-23T02:20:31.131Z
2026-08-23T11:24:09+08:00,HUMAN,OPERATING,80,2026-08-23T02:48:35.095Z
2026-08-23T11:24:09+08:00,CYLON,OPERATING,80,2026-08-23T02:20:31.131Z
